Feature,Importance
LSTAT,1.0425810822500214
RM,0.974828908305339
DIS,0.14728370331979695
CRIM,0.1331945123118055
NOX,0.06651998801521564
PTRATIO,0.03384623516095366
TAX,0.02444047454719285
AGE,0.02362705322890832
INDUS,0.022010539962614876
B,0.02168520065332427
RAD,0.006142498154816406
ZN,0.0027509882077744545
CHAS,0.0010888158822366322
