Feature,Importance
LSTAT,1.068175723852696
RM,0.922113315406125
DIS,0.16409592340493104
CRIM,0.10272188982777536
NOX,0.06186545135020024
TAX,0.04273310796665768
PTRATIO,0.03850795140621248
B,0.03177299611444841
AGE,0.02780025090921605
INDUS,0.019386639983858873
RAD,0.01682280824499624
ZN,0.0023548333756388167
CHAS,0.0016491081572441043
