Feature,Importance
LSTAT,1.0690120982013975
RM,0.9173618853027824
DIS,0.1450875814897447
CRIM,0.12103591109529435
NOX,0.0622454196741842
TAX,0.053479570831732624
PTRATIO,0.04070107012867765
AGE,0.03715647347134965
B,0.030951169997664105
INDUS,0.014109318421554069
RAD,0.005194146274469047
ZN,0.0022304488507027933
CHAS,0.0014349062604468348
